{"run_id": "058bcb85de3d40a981ea947329f4c1d4", "state": "crashed", "metrics": {"_step": [[0, 0], [1, 1], [2, 2], [3, 3], [4, 4], [5, 5], [6, 6], [7, 7], [8, 8], [9, 9], [10, 10], [11, 11], [12, 12], [13, 13], [14, 14], [15, 15], [16, 16], [17, 17], [18, 18], [19, 19], [20, 20], [21, 21], [22, 22], [23, 23], [24, 24], [25, 25], [26, 26], [27, 27], [28, 28], [29, 29], [30, 30], [31, 31], [32, 32], [33, 33], [34, 34], [35, 35], [36, 36], [37, 37], [38, 38], [39, 39], [40, 40], [41, 41], [42, 42], [43, 43], [44, 44], [45, 45], [46, 46], [47, 47], [48, 48], [49, 49], [50, 50], [51, 51], [52, 52], [53, 53], [54, 54], [55, 55], [56, 56], [57, 57], [58, 58], [59, 59], [60, 60], [61, 61], [62, 62], [63, 63], [64, 64], [65, 65], [66, 66], [67, 67], [68, 68], [69, 69], [70, 70], [71, 71], [72, 72], [73, 73], [74, 74], [75, 75], [76, 76], [77, 77], [78, 78], [79, 79], [80, 80], [81, 81], [82, 82], [83, 83], [84, 84], [85, 85], [86, 86], [87, 87], [88, 88], [89, 89], [90, 90], [91, 91], [92, 92], [93, 93]], "reward/all/mean": [[89, 0.2629178509294091]], "eval/eval-t15/avg@1": [[23, 0.0383635100169854]], "eval/eval-t30/avg@1": [[37, 0.09763963304320297]], "eval/eval-t60/avg@1": [[66, 0.10293755537126353]], "eval/eval-t120/avg@1": [[69, 0.09433857551993963]], "eval/eval-t15/is_truncated/mean": [[23, 1]], "eval/eval-t30/is_truncated/mean": [[37, 1]], "eval/eval-t60/is_truncated/mean": [[66, 1]], "eval/eval-t120/is_truncated/mean": [[69, 1]], "eval/eval-t15/completion_len/mean": [[23, 1292.92]], "eval/eval-t30/completion_len/mean": [[37, 1740.57]], "eval/eval-t60/completion_len/mean": [[66, 2886.47]], "eval/eval-t120/completion_len/mean": [[69, 3226.81]], "metrics/qwen3-4b-hyp-s1-train/is_correct": [[89, 0.34375]], "metrics/qwen3-4b-hyp-s1-train/is_quit": [[89, 0.25]], "metrics/qwen3-4b-hyp-s1-train/is_parseable": [[89, 0.421875]], "metrics/qwen3-4b-hyp-s1-train/mean_n_turns": [[89, 9.59375]], "metrics/qwen3-4b-hyp-s1-train/elapsed_over_target": [[89, 3.153177254841077]]}}